{
  "timestamp": "2025-12-23T11:03:11.595222",
  "summary": {
    "total_scenarios": 6,
    "hcms_wins": 3,
    "standard_wins": 3,
    "hcms_avg_latency_ms": 20.54775224791633,
    "standard_avg_latency_ms": 12.965349356333416,
    "hcms_avg_precision": 0.9444444444444444,
    "standard_avg_precision": 0.8333333333333334,
    "latency_overhead_ms": 7.5824028915829125
  },
  "scenarios": [
    {
      "name": "Busca de Termos Exatos",
      "winner": "HCMS",
      "advantage_percent": 200.00000000000006,
      "notes": "FTS hybrid search dominates pure vector search",
      "hcms": {
        "system": "HCMS",
        "scenario": "ExactTerms",
        "precision_at_1": 1.0,
        "precision_at_3": 1.0,
        "recall_at_5": 1.0,
        "mrr": 1.0,
        "latency_ms": 28.86851628621419,
        "latency_p95_ms": 35.738229751586914,
        "duplicate_rate": 0.0,
        "noise_retention": 0.0,
        "storage_mb": 0.0,
        "index_count": 3
      },
      "standard": {
        "system": "Standard",
        "scenario": "ExactTerms",
        "precision_at_1": 0.3333333333333333,
        "precision_at_3": 0.3333333333333333,
        "recall_at_5": 0.3333333333333333,
        "mrr": 0.3333333333333333,
        "latency_ms": 10.963122049967447,
        "latency_p95_ms": 13.337373733520508,
        "duplicate_rate": 0.0,
        "noise_retention": 0.0,
        "storage_mb": 0.0,
        "index_count": 1
      }
    },
    {
      "name": "Recupera\u00e7\u00e3o sob Ru\u00eddo",
      "winner": "Standard",
      "advantage_percent": 0.0,
      "notes": "Cross-encoder reranking adds latency without benefit",
      "hcms": {
        "system": "HCMS",
        "scenario": "NoiseResilience",
        "precision_at_1": 0.6666666666666666,
        "precision_at_3": 0.6666666666666666,
        "recall_at_5": 0.6666666666666666,
        "mrr": 0.6666666666666666,
        "latency_ms": 31.926870346069336,
        "latency_p95_ms": 40.99464416503906,
        "duplicate_rate": 0.0,
        "noise_retention": 0.0,
        "storage_mb": 0.0,
        "index_count": 3
      },
      "standard": {
        "system": "Standard",
        "scenario": "NoiseResilience",
        "precision_at_1": 0.6666666666666666,
        "precision_at_3": 0.6666666666666666,
        "recall_at_5": 0.6666666666666666,
        "mrr": 0.6666666666666666,
        "latency_ms": 9.234984715779623,
        "latency_p95_ms": 12.430667877197266,
        "duplicate_rate": 0.0,
        "noise_retention": 0.0,
        "storage_mb": 0.0,
        "index_count": 1
      }
    },
    {
      "name": "Queries Amb\u00edguas",
      "winner": "Standard",
      "advantage_percent": 0.0,
      "notes": "Hybrid search disambiguates via FTS context",
      "hcms": {
        "system": "HCMS",
        "scenario": "AmbiguousQueries",
        "precision_at_1": 1.0,
        "precision_at_3": 1.0,
        "recall_at_5": 1.0,
        "mrr": 1.0,
        "latency_ms": 25.307257970174152,
        "latency_p95_ms": 27.506351470947266,
        "duplicate_rate": 0.0,
        "noise_retention": 0.0,
        "storage_mb": 0.0,
        "index_count": 3
      },
      "standard": {
        "system": "Standard",
        "scenario": "AmbiguousQueries",
        "precision_at_1": 1.0,
        "precision_at_3": 1.0,
        "recall_at_5": 1.0,
        "mrr": 1.0,
        "latency_ms": 18.47044626871745,
        "latency_p95_ms": 22.1860408782959,
        "duplicate_rate": 0.0,
        "noise_retention": 0.0,
        "storage_mb": 0.0,
        "index_count": 1
      }
    },
    {
      "name": "Detec\u00e7\u00e3o de Duplicatas",
      "winner": "HCMS",
      "advantage_percent": 0.0,
      "notes": "HCMS removed 0 duplicates, Standard has no dedup mechanism",
      "hcms": {
        "system": "HCMS",
        "scenario": "DuplicateDetection",
        "precision_at_1": 1.0,
        "precision_at_3": 1.0,
        "recall_at_5": 1.0,
        "mrr": 1.0,
        "latency_ms": 8.195877075195312,
        "latency_p95_ms": 8.195877075195312,
        "duplicate_rate": 0.0,
        "noise_retention": 0.0,
        "storage_mb": 0.0,
        "index_count": 3
      },
      "standard": {
        "system": "Standard",
        "scenario": "DuplicateDetection",
        "precision_at_1": 1.0,
        "precision_at_3": 1.0,
        "recall_at_5": 1.0,
        "mrr": 1.0,
        "latency_ms": 0.0,
        "latency_p95_ms": 0.0,
        "duplicate_rate": 0.0,
        "noise_retention": 1.0,
        "storage_mb": 0.0,
        "index_count": 1
      }
    },
    {
      "name": "Lat\u00eancia em Escala",
      "winner": "Standard",
      "advantage_percent": 72.31190860001301,
      "notes": "HCMS overhead: 9.5ms due to reranker",
      "hcms": {
        "system": "HCMS",
        "scenario": "LatencyScaling",
        "precision_at_1": 1.0,
        "precision_at_3": 1.0,
        "recall_at_5": 1.0,
        "mrr": 1.0,
        "latency_ms": 22.732841968536377,
        "latency_p95_ms": 30.323266983032227,
        "duplicate_rate": 0.0,
        "noise_retention": 0.0,
        "storage_mb": 0.0,
        "index_count": 3
      },
      "standard": {
        "system": "Standard",
        "scenario": "LatencyScaling",
        "precision_at_1": 1.0,
        "precision_at_3": 1.0,
        "recall_at_5": 1.0,
        "mrr": 1.0,
        "latency_ms": 13.19284439086914,
        "latency_p95_ms": 17.372465133666992,
        "duplicate_rate": 0.0,
        "noise_retention": 0.0,
        "storage_mb": 0.0,
        "index_count": 1
      }
    },
    {
      "name": "Custo de Manuten\u00e7\u00e3o",
      "winner": "HCMS",
      "advantage_percent": 0.0,
      "notes": "HCMS removed 0 noise entries, Standard retains all garbage",
      "hcms": {
        "system": "HCMS",
        "scenario": "MaintenanceCost",
        "precision_at_1": 1.0,
        "precision_at_3": 1.0,
        "recall_at_5": 1.0,
        "mrr": 1.0,
        "latency_ms": 6.255149841308594,
        "latency_p95_ms": 6.255149841308594,
        "duplicate_rate": 0.0,
        "noise_retention": 1.0,
        "storage_mb": 0.0,
        "index_count": 3
      },
      "standard": {
        "system": "Standard",
        "scenario": "MaintenanceCost",
        "precision_at_1": 1.0,
        "precision_at_3": 1.0,
        "recall_at_5": 1.0,
        "mrr": 1.0,
        "latency_ms": 0.0,
        "latency_p95_ms": 0.0,
        "duplicate_rate": 0.0,
        "noise_retention": 1.0,
        "storage_mb": 0.0,
        "index_count": 1
      }
    }
  ]
}